<?xml version="1.0" encoding="utf-8"?>
<Window size="580,152" caption="0,0,0,32" defaultfontcolor="#FFE8EAF6">

    <Style imagerectstyle="l,t,w,h" />

    <VerticalLayout bkcolor="#FFF9F9F9">
          <HorizontalLayout height="32">
              <Control />
              <!-- https://docs.microsoft.com/ja-jp/windows/uwp/design/style/segoe-ui-symbol-font -->
              <Button name="::closebtn" text="" font="sym" textcolor="#ff8b8b8b" hottextcolor="#ffffffff" hotimage="color='#ff007ACC'" width="48" height="32" />
          </HorizontalLayout>
        <VerticalLayout height="120" bkcolor="#FF910816" bordersize="5,5,5,5" bordercolor="#FFF0965C" inset="1,1,1,1">
            <Label name="label_info" text="<b>热烈欢迎各位领导莅临指导。</b>" font="40" showhtml="true" textcolor="#FFFFE991" textpadding="40,20,0,0" />
        </VerticalLayout>

    </VerticalLayout>
</Window>
