<?xml version="1.0" encoding="utf-8"?>
<ColorTheme>
    <Default defaultfontcolor="#FFFFFFFF" />
    <Image shared="true" name="scrollbar.bmp" file="themes\scrollbar-dark.bmp" />
    <Style name="ct-bkdarker1" bkcolor="#FF3F3F3F" />
    <Style name="ct-bkhori" bkcolor="#FF5E5D5C" />
    <Style name="ct-hotimage" hotimage="color='#FF6D6D6D'" />
    <Style name="ct-text-primary" textcolor="#FFFFFFFF" />
    <Style name="ct-text-secondary" textcolor="#FFBBBBBB" />
    <Style name="ct-text-secondary-url" textcolor="#FFBBBBBB" hottextcolor="#FFFFFFFF" />
    <Style name="ct-button" bkcolor="#FF6D6D6D" bordersize="2" bordercolor="#FF6D6D6D" hotbordercolor="#FFA7A7A7" />
    <Style name="ct-option" bkcolor="#FF656565" selectedimage="color='#FF4A4A4A'" bordersize="2" bordercolor="#FF3F3F3F" hotbordercolor="#FFA7A7A7" />
    <Style name="ct-list" itemhotbkcolor="#FF525252" itemselectedbkcolor="#FF484848" />
    <Style name="ct-combo" bkimage="file='themes\ComboButton-dark.png' corner='2,2,36,2'" />
</ColorTheme>
