<?xml version="1.0" encoding="utf-8"?>
<Window size="1024,768">

    <Style imagerectstyle="l,t,w,h" />

    <!-- <VerticalLayout bkimage="file='bk.jpg' blur='20.0'"> -->
    <VerticalLayout name="full_win" bkcolor="#FF29363F" bkimage="file='bk2.jpg' blur='10.0'">
        <Control name="i18n_text" visible="false" />
        <VerticalLayout>
            <!-- 1/3 -->
            <Control />
            <!-- 2/3 -->
            <VerticalLayout name="userlist_frame" height="420" visible="false">
                <HorizontalLayout height="200">
                    <Control />
                    <Button name="User_SYSTEM" bkimage="file='SYSTEM_logo.png' fade='176' dest='16,16,128,128'" width="160"
                      text="SYSTEM" font="24" textcolor="#FFFFFFFF" textpadding="0,150,0,0" />
                        <Control width="50" />
                    <Button name="User_Administrator" bkimage="file='ADMIN_logo.png' fade='176' dest='16,16,128,128'" width="160"
                        text="Administrator" font="24" textcolor="#FFFFFFFF" textpadding="0,150,0,0" />
                    <Control />
                </HorizontalLayout>
                <HorizontalLayout name="login_progress_frame" height="120">
                    <Text name="progress_text" text="" textcolor="#FFFFFFFF" align="center" padding="20,20,20,20" />
                </HorizontalLayout>
            </VerticalLayout>
            <HorizontalLayout name="pass_input_frame" height="420" visible="false">
                <Control />
                <VerticalLayout width="420">
                    <HorizontalLayout height="75">
                    <Control />
                    <Label bkimage="windows.png" height="42" width="200" padding="0,10,0,0" />
                    <Control />
                    </HorizontalLayout>

                    <VerticalLayout bkcolor="#FFFFFFFF" >
                        <Label bkimage="ms_logo.png" height="36" width="160" padding="20,20,0,20" />

                        <Label text="%{SignIn}" font="24" textcolor="#FF000000" padding="20,0,20,0" />

                        <!-- <VerticalLayout  bordersize="2" bordercolor="#FF8FD6C3" height="54"  padding="5,5,5,5"  >
                        <Edit text="Administrator" bkcolor="#FF29363F" textcolor="#FF000000" align="center"/>
                        </VerticalLayout> -->

                        <Edit name="username" text="Administrator" textcolor="#FF000000" bkcolor="#FFE8F0FE" nativebkcolor="#FFE8F0FE" align="center" padding="20,20,20,0" />
                        <Label height="1" bkcolor="#FF0067B8" padding="20,0,20,0" />

                        <Edit name="password" textcolor="#FF000000" focusedimage="color='#FFFF000000'" password="true" align="center" padding="20,5,20,0" />
                        <Label height="1" bkcolor="#FF0067B8" padding="20,0,20,0" />

                        <Text text="<a>%{ForgotPassword}</a>" showhtml="true" textcolor="#FF005DA6"  padding="20,20,20,20" />

                        <Button name="logon" bordersize="3"  bordercolor="#FF005DA6" bkcolor="#FF005DA6" hotbordercolor="#FF94C6EE" focusbordercolor="#FF94C6EE"
                           text="%{Logon}" textcolor="#FFFFFFFF" align="center" height="40" padding="20,5,20,5" />
                    </VerticalLayout>
                </VerticalLayout>
                <Control />
            </HorizontalLayout>
            <!-- 3/3 -->
            <VerticalLayout>
                <VerticalLayout name="clock" height="120" padding="50,20,0,20">
                <label name="now_time" font="40b" textcolor="#FFFFFFFF" />
                <label name="now_info" font="40b" textcolor="#FFFFFFFF" />
                </VerticalLayout>
            </VerticalLayout>
            <HorizontalLayout height="40" bkcolor="#60000000" padding="0,0,0,0" >
                <Control />
                <Button name="restart" text="" textcolor="#FFFFFFFF" font="128" width="40" height="40" padding="0,0,10,0" />
                <Button name="shutdown" text="" textcolor="#FFFFFFFF" font="130" width="40" height="40" padding="0,0,10,0" />
            </HorizontalLayout>
        </VerticalLayout>
    </VerticalLayout>
</Window>
